claim_id,patient_id,provider_id,service_date,procedure_code,diagnosis_code,claim_amount,claim_status,last_updated
CLM10001,P1001,PR101,2026-01-05,99213,Z00.00,185.50,APPROVED,2026-01-05 10:15:00
CLM10002,P1002,PR102,2026-01-05,99214,I10,240.00,PENDING,2026-01-05 11:20:00
CLM10003,P1003,PR103,2026-01-06,99213,E11.9,195.75,APPROVED,2026-01-06 09:30:00
CLM10004,P1004,PR101,2026-01-06,99215,J06.9,320.00,APPROVED,2026-01-06 13:45:00
CLM10005,P1005,PR104,2026-01-07,99214,M54.5,225.25,DENIED,2026-01-07 08:10:00
CLM10006,P1006,PR105,2026-01-07,99213,R51.9,175.00,APPROVED,2026-01-07 14:25:00
CLM10007,P1007,PR102,2026-01-08,99215,I10,350.75,PENDING,2026-01-08 10:05:00
CLM10008,P1008,PR106,2026-01-08,99214,E11.9,260.50,APPROVED,2026-01-08 15:40:00
CLM10009,P1009,PR103,2026-01-09,99213,Z00.00,190.00,APPROVED,2026-01-09 09:15:00
CLM10010,P1010,PR105,2026-01-09,99215,M54.5,375.25,DENIED,2026-01-09 16:30:00
